1,"Rebecca Bar",1994-03-18,rebecca.bar1@email.com,051-2142180
2,"Adam Golan",1990-12-20,adam.golan2@email.com,059-1013581
3,"Adam Shapiro",1976-01-09,adam.shapiro3@email.com,055-6630744
4,"Benjamin Chen",2010-02-18,benjamin.chen4@email.com,054-6645286
5,"Michael Stern",1976-02-11,michael.stern5@email.com,057-5163145
6,"Leah Shapiro",1986-07-08,leah.shapiro6@email.com,055-1869768
7,"Deborah Gil",2010-05-23,deborah.gil7@email.com,052-6102608
8,"Shira Alon",2006-09-16,shira.alon8@email.com,054-1929245
9,"Rebecca Alon",1999-02-22,rebecca.alon9@email.com,057-9625112
10,"Michael Weiss",1997-03-01,michael.weiss10@email.com,053-3734437
11,"Esther Avraham",2009-07-15,esther.avraham11@email.com,051-1784181
12,"Isaac Katz",1993-01-25,isaac.katz12@email.com,055-7996075
13,"Hannah Carmel",1988-11-15,hannah.carmel13@email.com,055-3312456
14,"Tamar Bar",1980-10-04,tamar.bar14@email.com,051-3103461
15,"Hannah Israeli",2007-07-01,hannah.israeli15@email.com,059-2339383
16,"Yael Ben-Ami",1998-10-22,yael.ben-ami16@email.com,052-8282646
17,"Samuel Israeli",1977-09-19,samuel.israeli17@email.com,059-2873521
18,"Shira Mizrahi",2010-04-14,shira.mizrahi18@email.com,058-2762692
19,"Isaac Avraham",2004-06-20,isaac.avraham19@email.com,051-5054231
20,"Abigail Golan",1990-04-13,abigail.golan20@email.com,058-6922034
21,"Yael Goldstein",1992-05-11,yael.goldstein21@email.com,054-5995056
22,"Samuel Carmel",1982-04-07,samuel.carmel22@email.com,059-7474356
23,"Tamar Katz",1995-01-28,tamar.katz23@email.com,057-2772919
24,"Hannah Golan",2001-09-19,hannah.golan24@email.com,055-2528599
25,"Aaron Cohen",2008-03-26,aaron.cohen25@email.com,054-1351906
26,"Michael Cohen",2000-11-12,michael.cohen26@email.com,054-8884989
27,"Eli Nir",1978-06-30,eli.nir27@email.com,052-9828694
28,"Shira Golan",1977-10-12,shira.golan28@email.com,057-5011451
29,"Daniel Galili",2014-10-04,daniel.galili29@email.com,055-2509704
30,"Noah Zion",1998-09-15,noah.zion30@email.com,052-5459020
31,"Rebecca Weiss",2005-05-04,rebecca.weiss31@email.com,058-9920996
32,"Hannah Levi",1998-07-09,hannah.levi32@email.com,058-8967177
33,"Rachel Katz",2004-08-21,rachel.katz33@email.com,050-5983170
34,"Naomi Shapiro",2000-04-14,naomi.shapiro34@email.com,051-8586666
35,"Eli Levi",1990-05-09,eli.levi35@email.com,058-1125976
36,"Aaron Alon",1980-02-21,aaron.alon36@email.com,059-9640003
37,"Shira Israeli",1977-12-23,shira.israeli37@email.com,058-8443029
38,"Yael Carmel",2014-11-14,yael.carmel38@email.com,051-1556069
39,"Esther Rosen",2002-07-15,esther.rosen39@email.com,056-7087249
40,"Daniel Levy",1993-07-11,daniel.levy40@email.com,050-8352051
41,"David Avraham",1997-05-04,david.avraham41@email.com,053-5773799
42,"Hannah Klein",1993-04-12,hannah.klein42@email.com,053-1924985
43,"Leah Klein",2014-10-22,leah.klein43@email.com,050-6859577
44,"Aaron Sharon",2015-02-17,aaron.sharon44@email.com,055-5747156
45,"Aaron Paz",2010-10-21,aaron.paz45@email.com,056-5643038
46,"David Stern",1987-01-13,david.stern46@email.com,059-7407564
47,"Miriam Israeli",2001-07-04,miriam.israeli47@email.com,059-1147104
48,"Isaac Avraham",1985-05-09,isaac.avraham48@email.com,051-3221555
49,"Adam Goldstein",1979-08-14,adam.goldstein49@email.com,053-2830276
50,"Leah Alon",1978-10-07,leah.alon50@email.com,058-4087773
51,"Ethan Avraham",1999-02-11,ethan.avraham51@email.com,056-2825638
52,"Yael Mizrahi",1996-05-16,yael.mizrahi52@email.com,051-7761740
53,"Naomi Paz",1995-10-18,naomi.paz53@email.com,055-8361540
54,"Abigail Goldstein",2002-07-15,abigail.goldstein54@email.com,052-5161781
55,"Adam Friedman",1983-04-05,adam.friedman55@email.com,059-2465455
56,"Avi Friedman",1993-07-21,avi.friedman56@email.com,054-2330829
57,"Joshua Nir",1988-08-04,joshua.nir57@email.com,053-8083518
58,"Esther Levi",1978-09-13,esther.levi58@email.com,056-8257208
59,"Michael Peretz",2002-05-06,michael.peretz59@email.com,056-8268121
60,"Aaron Levi",2010-06-17,aaron.levi60@email.com,053-9154178
61,"Michael Nir",1991-09-23,michael.nir61@email.com,050-3352829
62,"Avi Stern",2011-02-16,avi.stern62@email.com,058-1742110
63,"Miriam Gil",1986-03-19,miriam.gil63@email.com,050-5121023
64,"Aaron Rosen",1983-03-14,aaron.rosen64@email.com,058-6144930
65,"Samuel Bar",2012-04-06,samuel.bar65@email.com,055-4515361
66,"Joshua Davidov",1998-08-22,joshua.davidov66@email.com,051-1730391
67,"Leah Davidov",2000-02-01,leah.davidov67@email.com,053-6654987
68,"Benjamin Or",2000-10-14,benjamin.or68@email.com,054-3906750
69,"Adam Tal",1979-06-14,adam.tal69@email.com,050-2480438
70,"Benjamin Mizrahi",1981-10-28,benjamin.mizrahi70@email.com,053-7130175
71,"Benjamin Cohen",2006-02-18,benjamin.cohen71@email.com,053-5192781
72,"Yael Or",1997-05-18,yael.or72@email.com,058-2530990
73,"Noah Davidov",1991-01-23,noah.davidov73@email.com,055-3233264
74,"Miriam Katz",1994-03-19,miriam.katz74@email.com,053-6252665
75,"Ruth Sharon",2002-06-06,ruth.sharon75@email.com,058-7510531
76,"Shira Avraham",1989-04-18,shira.avraham76@email.com,056-3402834
77,"Joshua Bar",1977-10-15,joshua.bar77@email.com,058-3198084
78,"Yael Davidov",1977-07-24,yael.davidov78@email.com,057-4221025
79,"Leah Israeli",2015-01-19,leah.israeli79@email.com,059-1239953
80,"Hannah Levi",2015-11-02,hannah.levi80@email.com,054-9064037
81,"Jacob Stern",1999-09-05,jacob.stern81@email.com,058-3794416
82,"Daniel Klein",1986-02-10,daniel.klein82@email.com,052-3862950
83,"Daniel Levi",2005-09-28,daniel.levi83@email.com,059-8517007
84,"Naomi Shapiro",1997-04-11,naomi.shapiro84@email.com,054-6639891
85,"Maya Galili",2003-04-03,maya.galili85@email.com,057-1774184
86,"Jacob Golan",1989-06-20,jacob.golan86@email.com,053-4515627
87,"Aaron Nir",1989-04-23,aaron.nir87@email.com,053-5245096
88,"Rachel Friedman",1999-06-23,rachel.friedman88@email.com,052-2197842
89,"Shira Avraham",1976-08-25,shira.avraham89@email.com,058-7677214
90,"Ethan Weiss",2015-12-05,ethan.weiss90@email.com,053-3264209
91,"Isaac Stern",1999-07-25,isaac.stern91@email.com,051-8239046
92,"Abigail Tal",2012-01-05,abigail.tal92@email.com,051-7048904
93,"Avi Or",1985-07-06,avi.or93@email.com,052-5934562
94,"Joseph Peretz",1990-12-16,joseph.peretz94@email.com,055-8739377
95,"Aaron Goldstein",2002-11-26,aaron.goldstein95@email.com,057-5013236
96,"David Levi",2007-08-29,david.levi96@email.com,054-1271996
97,"Tamar Sharon",1982-12-05,tamar.sharon97@email.com,051-3509145
98,"Ethan Cohen",2015-07-16,ethan.cohen98@email.com,051-7867498
99,"Jacob Galili",1986-05-31,jacob.galili99@email.com,052-7990746
100,"Aaron Levi",2012-12-16,aaron.levi100@email.com,050-6403397
101,"Avi Zion",2007-05-03,avi.zion101@email.com,050-7434963
102,"Eli Golan",2007-12-05,eli.golan102@email.com,057-6257195
103,"Adam Israeli",2010-11-18,adam.israeli103@email.com,050-4175575
104,"Shira Weiss",2005-05-06,shira.weiss104@email.com,054-1092134
105,"Samuel Friedman",1979-08-18,samuel.friedman105@email.com,051-7421444
106,"Adam Shapiro",1984-08-25,adam.shapiro106@email.com,057-7549147
107,"Joshua Nir",2009-02-20,joshua.nir107@email.com,051-1312874
108,"Benjamin Stern",1980-03-21,benjamin.stern108@email.com,057-4591024
109,"David Golan",1995-12-15,david.golan109@email.com,053-6479742
110,"David Cohen",1989-08-26,david.cohen110@email.com,051-8232046
111,"Esther Weiss",2009-10-09,esther.weiss111@email.com,050-7934852
112,"Yael Alon",1978-07-06,yael.alon112@email.com,054-4898869
113,"Ruth Tal",2007-09-22,ruth.tal113@email.com,051-4336519
114,"Miriam Katz",1999-07-09,miriam.katz114@email.com,052-5059733
115,"Esther Levy",1995-09-05,esther.levy115@email.com,050-2745373
116,"Adam Israeli",1979-03-14,adam.israeli116@email.com,053-3080217
117,"Esther Mizrahi",2004-02-10,esther.mizrahi117@email.com,055-3075604
118,"Esther Katz",1994-06-21,esther.katz118@email.com,058-6996025
119,"Hannah Chen",2000-01-16,hannah.chen119@email.com,059-2469156
120,"Noah Goldstein",1996-05-29,noah.goldstein120@email.com,051-1903297
121,"Michael Rosen",1975-04-25,michael.rosen121@email.com,052-4294356
122,"Naomi Klein",1981-02-14,naomi.klein122@email.com,057-4432128
123,"Eli Zion",1985-09-24,eli.zion123@email.com,052-7838711
124,"Adam Alon",2015-02-12,adam.alon124@email.com,053-1657356
125,"Eli Zion",2006-09-12,eli.zion125@email.com,050-1615298
126,"Rachel Paz",2013-09-12,rachel.paz126@email.com,050-2399129
127,"David Levi",1997-11-21,david.levi127@email.com,054-2647556
128,"Maya Golan",1993-11-01,maya.golan128@email.com,057-5790581
129,"Maya Gil",1997-03-04,maya.gil129@email.com,053-2975608
130,"Rebecca Peretz",2007-02-13,rebecca.peretz130@email.com,056-8766233
131,"Yael Carmel",1982-04-02,yael.carmel131@email.com,055-5686380
132,"Shira Nir",2004-06-27,shira.nir132@email.com,057-1833912
133,"Michael Weiss",2004-12-08,michael.weiss133@email.com,058-9347533
134,"Joshua Weiss",2010-11-06,joshua.weiss134@email.com,052-1924594
135,"Maya Avraham",1983-04-14,maya.avraham135@email.com,058-2410628
136,"Sarah Rosen",2001-02-07,sarah.rosen136@email.com,051-9261717
137,"Miriam Paz",1987-05-17,miriam.paz137@email.com,052-3391894
138,"Abigail Avraham",1975-09-24,abigail.avraham138@email.com,053-7923935
139,"Isaac Paz",1998-11-03,isaac.paz139@email.com,056-4858967
140,"Rebecca Weiss",2000-10-22,rebecca.weiss140@email.com,051-6571454
141,"Deborah Israeli",1978-12-08,deborah.israeli141@email.com,053-4978390
142,"Shira Nir",1981-02-12,shira.nir142@email.com,056-5292273
143,"Benjamin Alon",1980-02-01,benjamin.alon143@email.com,055-6393314
144,"Naomi Levi",1975-08-25,naomi.levi144@email.com,055-4023363
145,"Leah Galili",1980-02-23,leah.galili145@email.com,052-3632573
146,"Ethan Davidov",2010-06-18,ethan.davidov146@email.com,057-6917857
147,"Joshua Levi",1992-06-02,joshua.levi147@email.com,053-8374390
148,"Abigail Katz",1982-07-13,abigail.katz148@email.com,057-4902228
149,"Tamar Peretz",1975-06-25,tamar.peretz149@email.com,055-9902536
150,"Aaron Tal",1984-10-27,aaron.tal150@email.com,050-9899987
151,"Avi Klein",1992-03-14,avi.klein151@email.com,059-3371367
152,"Hannah Or",2013-11-11,hannah.or152@email.com,054-6701450
153,"Aaron Galili",2004-03-08,aaron.galili153@email.com,055-2405491
154,"Esther Cohen",1986-08-14,esther.cohen154@email.com,051-3064875
155,"Joseph Tal",1983-11-15,joseph.tal155@email.com,054-8912560
156,"Esther Carmel",2003-04-13,esther.carmel156@email.com,057-4377952
157,"Shira Mizrahi",1985-09-08,shira.mizrahi157@email.com,056-2361729
158,"Hannah Levi",2007-06-13,hannah.levi158@email.com,057-5043121
159,"Tamar Rosen",2008-02-03,tamar.rosen159@email.com,050-3538452
160,"Ethan Weiss",1983-07-28,ethan.weiss160@email.com,056-6212015
161,"Benjamin Carmel",2004-08-28,benjamin.carmel161@email.com,052-6110231
162,"Rebecca Peretz",1979-10-30,rebecca.peretz162@email.com,057-2266342
163,"Adam Bar",1988-05-20,adam.bar163@email.com,053-6904260
164,"Michael Shapiro",2003-02-24,michael.shapiro164@email.com,057-8428866
165,"Joshua Sharon",1990-05-21,joshua.sharon165@email.com,050-5696751
166,"Deborah Avraham",2001-12-06,deborah.avraham166@email.com,052-2062966
167,"Eli Cohen",2014-05-22,eli.cohen167@email.com,053-1645996
168,"Shira Weiss",2011-09-28,shira.weiss168@email.com,059-6748340
169,"Joseph Weiss",1981-06-24,joseph.weiss169@email.com,050-7741293
170,"Noah Chen",2013-05-12,noah.chen170@email.com,058-3063858
171,"Jacob Levi",1976-04-11,jacob.levi171@email.com,053-5614031
172,"Maya Rosen",1994-11-05,maya.rosen172@email.com,051-1310515
173,"Abigail Bar",2006-12-30,abigail.bar173@email.com,059-4984085
174,"Sarah Tal",1990-12-14,sarah.tal174@email.com,058-1598692
175,"Leah Rosen",2011-04-17,leah.rosen175@email.com,059-4994017
176,"Miriam Zion",2009-06-11,miriam.zion176@email.com,057-3774620
177,"Avi Mizrahi",1994-08-21,avi.mizrahi177@email.com,053-1349319
178,"Abigail Rosen",1985-02-21,abigail.rosen178@email.com,051-7086443
179,"Noah Davidov",1979-01-04,noah.davidov179@email.com,056-8179741
180,"Naomi Weiss",2005-11-30,naomi.weiss180@email.com,059-2332102
181,"Joseph Levi",1978-11-04,joseph.levi181@email.com,054-7672594
182,"Shira Katz",1983-10-02,shira.katz182@email.com,055-7624920
183,"Adam Levy",1996-03-28,adam.levy183@email.com,054-5428958
184,"Jacob Goldstein",1989-11-17,jacob.goldstein184@email.com,057-6699743
185,"Benjamin Weiss",1976-10-28,benjamin.weiss185@email.com,051-4664884
186,"Joshua Rosen",1999-02-18,joshua.rosen186@email.com,055-2576744
187,"Daniel Shapiro",1997-02-15,daniel.shapiro187@email.com,053-6756526
188,"Abigail Rosen",1986-01-08,abigail.rosen188@email.com,053-7184896
189,"Isaac Nir",1981-04-10,isaac.nir189@email.com,053-7026101
190,"Aaron Shapiro",1993-09-28,aaron.shapiro190@email.com,053-7388570
191,"Maya Klein",2000-06-07,maya.klein191@email.com,052-5027837
192,"Maya Alon",2011-12-12,maya.alon192@email.com,059-4176137
193,"Ruth Alon",2014-03-17,ruth.alon193@email.com,052-6454132
194,"Ruth Zion",1996-03-08,ruth.zion194@email.com,052-2516587
195,"Sarah Nir",2011-03-18,sarah.nir195@email.com,056-9849756
196,"Daniel Shapiro",2011-08-07,daniel.shapiro196@email.com,056-1336031
197,"Maya Nir",1986-12-17,maya.nir197@email.com,053-6348170
198,"Yael Galili",1977-01-05,yael.galili198@email.com,059-5577143
199,"Ruth Gil",1994-02-19,ruth.gil199@email.com,053-5089020
200,"Samuel Davidov",1978-06-19,samuel.davidov200@email.com,051-9437490
