1,"First Aid Kit 1",31
2,"Hurdles 2",42
3,"Cones 3",92
4,"Volleyball 4",26
5,"Yoga Mat 5",94
6,"Medicine Ball 6",17
7,"Soccer Ball 7",51
8,"Stopwatch 8",28
9,"Medicine Ball 9",59
10,"Jump Rope 10",21
11,"Yoga Mat 11",79
12,"Tennis Racket 12",23
13,"Hurdles 13",71
14,"Stopwatch 14",92
15,"Jump Rope 15",38
16,"Medicine Ball 16",83
17,"Resistance Bands 17",97
18,"Yoga Mat 18",89
19,"Tennis Racket 19",55
20,"Water Bottles 20",31
21,"Soccer Ball 21",60
22,"Cones 22",12
23,"Resistance Bands 23",100
24,"Volleyball 24",92
25,"Yoga Mat 25",79
26,"Resistance Bands 26",37
27,"First Aid Kit 27",10
28,"Dumbbells 28",67
29,"Foam Roller 29",58
30,"Cones 30",51
31,"Foam Roller 31",39
32,"Resistance Bands 32",77
33,"Medicine Ball 33",61
34,"Resistance Bands 34",67
35,"Dumbbells 35",11
36,"Tennis Racket 36",56
37,"Resistance Bands 37",43
38,"Dumbbells 38",24
39,"Dumbbells 39",45
40,"Water Bottles 40",60
41,"Tennis Racket 41",83
42,"Foam Roller 42",54
43,"Tennis Racket 43",41
44,"Basketball 44",55
45,"Foam Roller 45",54
46,"Tennis Racket 46",71
47,"Hurdles 47",67
48,"Foam Roller 48",86
49,"Soccer Ball 49",83
50,"Resistance Bands 50",35
51,"Basketball 51",86
52,"Stopwatch 52",95
53,"Yoga Mat 53",67
54,"Yoga Mat 54",67
55,"Basketball 55",87
56,"Volleyball 56",64
57,"Water Bottles 57",14
58,"First Aid Kit 58",23
59,"Stopwatch 59",58
60,"Soccer Ball 60",71
61,"Foam Roller 61",69
62,"Foam Roller 62",46
63,"Cones 63",56
64,"Medicine Ball 64",100
65,"Soccer Ball 65",13
66,"Tennis Racket 66",23
67,"Volleyball 67",64
68,"Hurdles 68",85
69,"Yoga Mat 69",67
70,"Tennis Racket 70",49
71,"Soccer Ball 71",57
72,"Hurdles 72",42
73,"Jump Rope 73",12
74,"Tennis Racket 74",83
75,"Soccer Ball 75",41
76,"Cones 76",56
77,"First Aid Kit 77",32
78,"Soccer Ball 78",87
79,"Stopwatch 79",34
80,"Soccer Ball 80",44
81,"Yoga Mat 81",68
82,"Resistance Bands 82",99
83,"Volleyball 83",77
84,"Yoga Mat 84",24
85,"Foam Roller 85",47
86,"Hurdles 86",14
87,"Cones 87",77
88,"First Aid Kit 88",95
89,"Medicine Ball 89",31
90,"Cones 90",55
91,"Tennis Racket 91",39
92,"Tennis Racket 92",61
93,"First Aid Kit 93",25
94,"Dumbbells 94",93
95,"Stopwatch 95",80
96,"Foam Roller 96",41
97,"Soccer Ball 97",38
98,"Medicine Ball 98",81
99,"Tennis Racket 99",42
100,"Foam Roller 100",30
101,"Water Bottles 101",63
102,"Yoga Mat 102",38
103,"Dumbbells 103",19
104,"Resistance Bands 104",33
105,"Cones 105",10
106,"Volleyball 106",19
107,"Cones 107",94
108,"Hurdles 108",92
109,"Jump Rope 109",26
110,"Medicine Ball 110",24
111,"Water Bottles 111",72
112,"Cones 112",50
113,"First Aid Kit 113",28
114,"Basketball 114",91
115,"Foam Roller 115",45
116,"Foam Roller 116",61
117,"Soccer Ball 117",22
118,"Tennis Racket 118",92
119,"Dumbbells 119",26
120,"Medicine Ball 120",43
121,"Volleyball 121",15
122,"Tennis Racket 122",47
123,"Water Bottles 123",93
124,"Hurdles 124",48
125,"Foam Roller 125",54
126,"Foam Roller 126",49
127,"Water Bottles 127",61
128,"Resistance Bands 128",18
129,"First Aid Kit 129",79
130,"Basketball 130",51
131,"Cones 131",67
132,"Water Bottles 132",10
133,"Resistance Bands 133",75
134,"Soccer Ball 134",95
135,"Resistance Bands 135",66
136,"First Aid Kit 136",36
137,"Medicine Ball 137",98
138,"Yoga Mat 138",86
139,"Hurdles 139",31
140,"Tennis Racket 140",25
141,"Foam Roller 141",65
142,"Water Bottles 142",60
143,"Cones 143",37
144,"Dumbbells 144",24
145,"Cones 145",86
146,"Medicine Ball 146",19
147,"Resistance Bands 147",84
148,"Stopwatch 148",96
149,"Basketball 149",54
150,"Basketball 150",41
151,"Medicine Ball 151",54
152,"Dumbbells 152",47
153,"Medicine Ball 153",57
154,"Tennis Racket 154",11
155,"Resistance Bands 155",20
156,"Volleyball 156",88
157,"Soccer Ball 157",50
158,"Foam Roller 158",20
159,"Jump Rope 159",88
160,"Foam Roller 160",100
161,"Stopwatch 161",44
162,"Medicine Ball 162",58
163,"Jump Rope 163",73
164,"Volleyball 164",22
165,"Medicine Ball 165",25
166,"First Aid Kit 166",23
167,"Cones 167",54
168,"Dumbbells 168",15
169,"Dumbbells 169",64
170,"Resistance Bands 170",94
171,"Yoga Mat 171",19
172,"Jump Rope 172",92
173,"Dumbbells 173",34
174,"Tennis Racket 174",13
175,"Yoga Mat 175",97
176,"Volleyball 176",74
177,"Tennis Racket 177",48
178,"Dumbbells 178",84
179,"Dumbbells 179",75
180,"Volleyball 180",66
181,"Medicine Ball 181",45
182,"Medicine Ball 182",45
183,"Jump Rope 183",68
184,"Hurdles 184",78
185,"Dumbbells 185",52
186,"Yoga Mat 186",21
187,"Soccer Ball 187",80
188,"Foam Roller 188",69
189,"Tennis Racket 189",42
190,"Resistance Bands 190",12
191,"Foam Roller 191",37
192,"Yoga Mat 192",80
193,"Tennis Racket 193",91
194,"Resistance Bands 194",60
195,"Medicine Ball 195",35
196,"Yoga Mat 196",63
197,"Jump Rope 197",63
198,"Water Bottles 198",98
199,"Jump Rope 199",14
200,"Yoga Mat 200",66
